Recipient,1,2,3,4,5,6,7,8,9,10,Average
client7,0.142002,66.071853,66.071929,66.072027,66.072173,66.072324,66.072477,66.072613,66.07275,66.072883,0
client9,0.125967,66.072259,66.072359,66.072368,66.072459,66.072548,66.072588,66.072638,66.072681,66.072712,0
client6,0.155839,66.072245,66.072341,66.072451,66.072595,66.072745,66.072879,66.073017,66.07311,66.073245,0
client10,0.07666,66.07415,66.074154,66.074184,66.074288,66.074399,66.074509,66.074622,66.074725,66.074836,0
client8,0.071705,66.074033,66.074103,66.074251,66.074409,66.074577,66.074739,66.074908,66.075682,66.075806,0
