Recipient,1,2,3,4,5,6,7,8,9,10,Average
client10,1.8902489999999998,1.86869,1.86871,1.868608,1.8685990000000001,1.86859,1.868593,1.868586,1.8685800000000001,1.868585,0
client9,1.884609,1.86848,1.868445,1.8684539999999998,1.868403,1.86837,1.8683459999999998,1.86832,1.8682910000000001,1.8682729999999999,0
client8,1.867928,1.86703,1.867054,1.86699,1.866925,1.866867,1.866825,1.8667820000000002,1.866738,1.8667,0
client7,1.868028,1.8672149999999998,1.8671950000000002,1.8671419999999999,1.8670740000000001,1.867004,1.8669449999999999,1.866899,1.866854,1.866816,0
client6,1.839222,1.838241,1.838176,1.838014,1.837887,1.8378459999999999,1.83779,1.837739,1.837704,1.837669,0
